PostID,UserID,Post comments,Likes
1,328,"I would say, personally I love it and it isbeautiful",860
2,131,I think this work is superb,847
3,848,"I would say, personally I love it and it isfantastic",353
4,155,"From my perspective, this game is great",914
5,452,"You know, in some aspect, it is brilliant",670
6,534,"From my perspective, this game is fantastic",966
7,491,"You know, in some aspect, it is inspiring",591
8,994,I think this work is terrific,15
9,133,"Well, to some extent, the game isfun",206
10,731,I think this work is superb,816
11,249,"I would say, personally I love it and it isentertaining",722
12,2,I think this work is amazing,519
13,761,"You know, in some aspect, it is splendid",597
14,838,"Even my dog loves it, I would say it issplendid",977
15,504,"I would say, personally I love it and it islovely",272
16,800,My girlfriend thinks this game isbeautiful,758
17,31,My girlfriend thinks this game iswonderful,770
18,504,"From my perspective, this game is excellent",504
19,495,"I would say, personally I love it and it iscool",926
20,843,"You know, in some aspect, it is marvelous",23
21,588,"Even my dog loves it, I would say it issplendid",25
22,384,"Well, to some extent, the game ismemorable",575
23,685,"Even my dog loves it, I would say it isentertaining",458
24,630,"Well, to some extent, the game islovely",777
25,774,My girlfriend thinks this game isinspiring,145
26,58,"Well, to some extent, the game isenjoyable",655
27,383,"From my perspective, this game is splendid",718
28,291,"I would say, personally I love it and it ismarvelous",700
29,181,"From my perspective, this game is unique",914
30,669,"I would say, personally I love it and it ismemorable",464
31,656,"From my perspective, this game is great",669
32,964,"You know, in some aspect, it is splendid",500
33,200,I think this work is beautiful,509
34,619,"From my perspective, this game is superb",317
35,367,"Well, to some extent, the game isspectacular",662
36,295,"Well, to some extent, the game issplendid",606
37,78,"Well, to some extent, the game isspectacular",66
38,450,"I would say, personally I love it and it isfantastic",412
39,474,"Even my dog loves it, I would say it isbeautiful",755
40,707,"Even my dog loves it, I would say it isbeautiful",251
41,12,"Even my dog loves it, I would say it isfantastic",122
42,946,"You know, in some aspect, it is delightful",442
43,196,"From my perspective, this game is terrific",380
44,691,"Well, to some extent, the game isunique",916
45,91,"I would say, personally I love it and it isimpressive",978
46,119,I think this work is brilliant,194
47,302,"From my perspective, this game is unique",945
48,459,"I would say, personally I love it and it isspectacular",120
49,662,My girlfriend thinks this game ismemorable,335
50,389,"I would say, personally I love it and it isremarkable",763
51,94,"From my perspective, this game is great",291
52,83,My girlfriend thinks this game isfabulous,57
53,614,"You know, in some aspect, it is entertaining",849
54,860,I think this work is inspiring,818
55,287,"From my perspective, this game is amazing",303
56,888,"Even my dog loves it, I would say it isnice",620
57,767,"Even my dog loves it, I would say it isentertaining",326
58,968,"You know, in some aspect, it is inspiring",64
59,525,My girlfriend thinks this game isterrific,228
60,437,"Well, to some extent, the game isawesome",441
61,717,"I would say, personally I love it and it isgorgeous",124
62,15,"From my perspective, this game is cool",605
63,718,"From my perspective, this game is awesome",608
64,940,"You know, in some aspect, it is unique",640
65,955,"From my perspective, this game is impressive",367
66,612,"Well, to some extent, the game isgorgeous",221
67,186,I think this work is remarkable,320
68,187,I think this work is stunning,411
69,559,My girlfriend thinks this game isawesome,104
70,991,"From my perspective, this game is wonderful",163
71,369,"Well, to some extent, the game isoutstanding",930
72,904,I think this work is terrific,274
73,400,"I would say, personally I love it and it isfabulous",949
74,546,"I would say, personally I love it and it isimpressive",925
75,247,"I would say, personally I love it and it isgorgeous",599
76,842,"From my perspective, this game is superb",509
77,317,My girlfriend thinks this game isunique,868
78,15,"Even my dog loves it, I would say it isbrilliant",275
79,268,My girlfriend thinks this game isentertaining,18
80,776,"I would say, personally I love it and it isfantastic",4
81,765,I think this work is unique,431
82,788,"You know, in some aspect, it is delightful",363
83,913,"Well, to some extent, the game isstunning",189
84,831,"Even my dog loves it, I would say it isgreat",526
85,384,"You know, in some aspect, it is nice",839
86,609,My girlfriend thinks this game isamazing,911
87,996,My girlfriend thinks this game iscaptivating,221
88,787,"Even my dog loves it, I would say it isspectacular",549
89,967,"Well, to some extent, the game isremarkable",753
90,461,"You know, in some aspect, it is lovely",9
91,501,"You know, in some aspect, it is marvelous",120
92,165,"From my perspective, this game is gorgeous",439
93,654,"From my perspective, this game is fun",848
94,988,I think this work is cool,824
95,7,"I would say, personally I love it and it isnice",160
96,446,"Even my dog loves it, I would say it iscaptivating",577
97,620,"Even my dog loves it, I would say it isoutstanding",239
98,58,"Even my dog loves it, I would say it isenjoyable",840
99,550,"From my perspective, this game is lovely",297
100,187,"Even my dog loves it, I would say it isbrilliant",89
101,880,I think this work is brilliant,896
102,287,"I would say, personally I love it and it isfabulous",972
103,239,I think this work is brilliant,731
104,111,I think this work is splendid,833
105,947,"I would say, personally I love it and it isgreat",130
106,658,I think this work is fabulous,906
107,384,"From my perspective, this game is fabulous",351
108,524,"Well, to some extent, the game iscaptivating",303
109,299,"Well, to some extent, the game isterrific",54
110,831,"I would say, personally I love it and it isbrilliant",45
111,105,"Well, to some extent, the game isenjoyable",114
112,422,"Even my dog loves it, I would say it isgorgeous",510
113,558,"Even my dog loves it, I would say it isterrific",955
114,328,"Even my dog loves it, I would say it isawesome",212
115,565,"Well, to some extent, the game isstunning",204
116,336,I think this work is beautiful,654
117,32,My girlfriend thinks this game issplendid,369
118,383,"From my perspective, this game is fun",210
119,170,My girlfriend thinks this game isspectacular,246
120,86,My girlfriend thinks this game isgorgeous,339
121,665,I think this work is delightful,377
122,596,I think this work is gorgeous,48
123,60,My girlfriend thinks this game isbrilliant,15
124,836,"I would say, personally I love it and it isgorgeous",90
125,220,"I would say, personally I love it and it iscaptivating",721
126,209,"Well, to some extent, the game isstunning",197
127,540,"From my perspective, this game is beautiful",425
128,940,"Even my dog loves it, I would say it isamazing",196
129,634,My girlfriend thinks this game isoutstanding,511
130,657,I think this work is marvelous,942
131,920,"From my perspective, this game is excellent",12
132,418,I think this work is inspiring,737
133,199,"You know, in some aspect, it is awesome",397
134,32,"From my perspective, this game is superb",519
135,14,"From my perspective, this game is memorable",422
136,21,"Even my dog loves it, I would say it isimpressive",755
137,132,"I would say, personally I love it and it islovely",478
138,558,"From my perspective, this game is marvelous",358
139,368,"Even my dog loves it, I would say it isterrific",536
140,866,"I would say, personally I love it and it isentertaining",753
141,536,"You know, in some aspect, it is outstanding",462
142,318,"From my perspective, this game is spectacular",719
143,56,"You know, in some aspect, it is enjoyable",433
144,714,"From my perspective, this game is amazing",116
145,536,"From my perspective, this game is beautiful",832
146,42,"I would say, personally I love it and it isawesome",817
147,711,"From my perspective, this game is superb",13
148,132,"You know, in some aspect, it is unique",490
149,659,"You know, in some aspect, it is lovely",467
150,809,I think this work is excellent,436
151,799,"Well, to some extent, the game isunique",671
152,705,"Well, to some extent, the game isamazing",95
153,594,"I would say, personally I love it and it isremarkable",979
154,102,"Well, to some extent, the game isfun",440
155,679,I think this work is fabulous,346
156,337,My girlfriend thinks this game isfantastic,599
157,242,I think this work is fun,102
158,572,I think this work is nice,434
159,243,"I would say, personally I love it and it issplendid",565
160,721,"Even my dog loves it, I would say it isremarkable",818
161,546,"Well, to some extent, the game isterrific",701
162,235,My girlfriend thinks this game ismemorable,512
163,969,"Even my dog loves it, I would say it isremarkable",653
164,590,"Even my dog loves it, I would say it isstunning",857
165,163,"Well, to some extent, the game isoutstanding",492
166,49,"Well, to some extent, the game ismemorable",51
167,130,My girlfriend thinks this game isstunning,713
168,568,I think this work is captivating,951
169,519,"I would say, personally I love it and it isimpressive",62
170,89,"You know, in some aspect, it is fantastic",46
171,13,"I would say, personally I love it and it iscool",101
172,406,"I would say, personally I love it and it isunique",500
173,893,My girlfriend thinks this game ismarvelous,601
174,651,My girlfriend thinks this game isunique,290
175,332,"Well, to some extent, the game islovely",279
176,815,"Well, to some extent, the game ismarvelous",183
177,999,"Well, to some extent, the game issuperb",363
178,403,"Well, to some extent, the game isimpressive",805
179,33,"You know, in some aspect, it is cool",708
180,376,I think this work is lovely,178
181,437,"Well, to some extent, the game iscaptivating",738
182,851,"I would say, personally I love it and it ismemorable",94
183,743,I think this work is impressive,890
184,594,"Even my dog loves it, I would say it isinspiring",792
185,699,My girlfriend thinks this game iscool,763
186,16,"Well, to some extent, the game issuperb",9
187,173,"Even my dog loves it, I would say it isawesome",631
188,970,"Well, to some extent, the game isgorgeous",426
189,408,"Well, to some extent, the game isstunning",846
190,645,"Well, to some extent, the game iscaptivating",926
191,808,My girlfriend thinks this game isfabulous,470
192,905,"From my perspective, this game is wonderful",286
193,608,"You know, in some aspect, it is beautiful",889
194,664,I think this work is beautiful,365
195,650,"Well, to some extent, the game isremarkable",390
196,766,"Even my dog loves it, I would say it isentertaining",768
197,269,My girlfriend thinks this game isstunning,401
198,478,"You know, in some aspect, it is terrific",401
199,185,My girlfriend thinks this game isstunning,521
200,125,I think this work is fabulous,826
201,236,"From my perspective, this game is fantastic",176
202,883,"I would say, personally I love it and it isterrific",282
203,883,"You know, in some aspect, it is gorgeous",699
204,697,I think this work is spectacular,485
205,418,I think this work is terrific,56
206,352,My girlfriend thinks this game ismarvelous,581
207,799,My girlfriend thinks this game isoutstanding,638
208,788,I think this work is impressive,954
209,470,My girlfriend thinks this game issplendid,347
210,108,"You know, in some aspect, it is great",479
211,404,I think this work is nice,680
212,866,I think this work is delightful,847
213,872,"From my perspective, this game is terrific",953
214,325,I think this work is awesome,358
215,18,"From my perspective, this game is fun",729
216,690,"From my perspective, this game is spectacular",974
217,793,"I would say, personally I love it and it ismemorable",561
218,162,"I would say, personally I love it and it isspectacular",518
219,46,"You know, in some aspect, it is inspiring",962
220,104,"Well, to some extent, the game isawesome",824
221,873,I think this work is enjoyable,655
222,693,"I would say, personally I love it and it issplendid",761
223,257,"Even my dog loves it, I would say it isbrilliant",28
224,466,"Even my dog loves it, I would say it iscool",588
225,697,I think this work is impressive,892
226,854,"Even my dog loves it, I would say it isoutstanding",873
227,822,My girlfriend thinks this game isenjoyable,695
228,471,"I would say, personally I love it and it isremarkable",436
229,377,My girlfriend thinks this game isnice,647
230,32,"Even my dog loves it, I would say it issuperb",870
231,763,"I would say, personally I love it and it isenjoyable",487
232,393,"You know, in some aspect, it is impressive",859
233,960,"Well, to some extent, the game isimpressive",932
234,982,"From my perspective, this game is enjoyable",668
235,577,I think this work is superb,844
236,372,"Even my dog loves it, I would say it isunique",781
237,265,"Well, to some extent, the game isoutstanding",467
238,522,My girlfriend thinks this game islovely,803
239,167,"From my perspective, this game is terrific",348
240,443,My girlfriend thinks this game isgreat,356
241,776,"I would say, personally I love it and it isfun",586
242,839,"I would say, personally I love it and it isfantastic",351
243,166,"I would say, personally I love it and it ismarvelous",148
244,29,"I would say, personally I love it and it isdelightful",882
245,758,"I would say, personally I love it and it isbrilliant",773
246,864,"Well, to some extent, the game isgreat",720
247,117,"Well, to some extent, the game isfun",22
248,696,"Even my dog loves it, I would say it isinspiring",49
249,30,"You know, in some aspect, it is remarkable",639
250,661,I think this work is marvelous,150
251,772,"From my perspective, this game is fabulous",807
252,975,My girlfriend thinks this game isgreat,590
253,206,"You know, in some aspect, it is entertaining",200
254,55,"Even my dog loves it, I would say it isstunning",705
255,701,I think this work is beautiful,994
256,356,My girlfriend thinks this game isterrific,745
257,465,"Well, to some extent, the game issuperb",233
258,38,"You know, in some aspect, it is cool",232
259,497,My girlfriend thinks this game isterrific,365
260,319,"From my perspective, this game is enjoyable",547
261,70,"You know, in some aspect, it is impressive",192
262,375,I think this work is awesome,429
263,768,My girlfriend thinks this game islovely,29
264,935,"From my perspective, this game is stunning",251
265,806,"Well, to some extent, the game ismarvelous",126
266,163,I think this work is impressive,565
267,578,"From my perspective, this game is cool",118
268,249,"Well, to some extent, the game isamazing",573
269,31,I think this work is splendid,231
270,832,"Well, to some extent, the game issplendid",102
271,481,"From my perspective, this game is entertaining",29
272,592,My girlfriend thinks this game isdelightful,178
273,620,"From my perspective, this game is memorable",727
274,134,My girlfriend thinks this game isremarkable,619
275,614,"You know, in some aspect, it is superb",536
276,792,"I would say, personally I love it and it isstunning",427
277,833,"From my perspective, this game is remarkable",734
278,155,I think this work is unique,254
279,589,I think this work is entertaining,752
280,461,"You know, in some aspect, it is cool",912
281,948,"Even my dog loves it, I would say it isoutstanding",487
282,776,I think this work is terrific,42
283,808,I think this work is fun,874
284,24,"I would say, personally I love it and it isawesome",512
285,958,"I would say, personally I love it and it issplendid",843
286,818,"Even my dog loves it, I would say it isdelightful",248
287,932,"Well, to some extent, the game isbeautiful",351
288,462,"You know, in some aspect, it is enjoyable",502
289,86,My girlfriend thinks this game isenjoyable,915
290,380,"I would say, personally I love it and it isfun",765
291,114,My girlfriend thinks this game isentertaining,631
292,45,"Even my dog loves it, I would say it issplendid",632
293,414,"Even my dog loves it, I would say it issplendid",623
294,255,"You know, in some aspect, it is entertaining",8
295,215,I think this work is fabulous,701
296,43,"Well, to some extent, the game isfun",318
297,214,My girlfriend thinks this game isbrilliant,517
298,630,"Well, to some extent, the game isoutstanding",679
299,400,"Even my dog loves it, I would say it islovely",905
300,9,My girlfriend thinks this game isamazing,253
301,732,My girlfriend thinks this game isinspiring,138
302,939,"Well, to some extent, the game isbeautiful",294
303,488,I think this work is fun,163
304,411,"Well, to some extent, the game iscool",817
305,29,"Even my dog loves it, I would say it isimpressive",1
306,454,"Even my dog loves it, I would say it isgorgeous",645
307,229,"You know, in some aspect, it is excellent",347
308,628,"From my perspective, this game is fun",222
309,484,"You know, in some aspect, it is brilliant",996
310,235,"Even my dog loves it, I would say it isstunning",211
311,911,My girlfriend thinks this game isawesome,782
312,520,My girlfriend thinks this game isterrific,120
313,520,I think this work is excellent,14
314,774,I think this work is beautiful,579
315,721,"From my perspective, this game is cool",26
316,520,"I would say, personally I love it and it isdelightful",815
317,389,"You know, in some aspect, it is delightful",282
318,778,"From my perspective, this game is brilliant",221
319,427,"From my perspective, this game is splendid",831
320,304,"Even my dog loves it, I would say it issplendid",167
321,545,"I would say, personally I love it and it isbrilliant",508
322,818,"I would say, personally I love it and it iscaptivating",560
323,55,"I would say, personally I love it and it issuperb",683
324,676,My girlfriend thinks this game isunique,21
325,268,"From my perspective, this game is gorgeous",968
326,130,"You know, in some aspect, it is fun",652
327,955,My girlfriend thinks this game isnice,235
328,313,"I would say, personally I love it and it issplendid",175
329,409,My girlfriend thinks this game isentertaining,540
330,202,I think this work is splendid,12
331,563,My girlfriend thinks this game isbeautiful,326
332,438,My girlfriend thinks this game issuperb,740
333,681,"Even my dog loves it, I would say it ismemorable",344
334,129,"I would say, personally I love it and it isawesome",289
335,292,My girlfriend thinks this game iscaptivating,425
336,480,My girlfriend thinks this game isawesome,642
337,865,"You know, in some aspect, it is remarkable",771
338,971,I think this work is marvelous,378
339,458,I think this work is beautiful,540
340,836,"Well, to some extent, the game isstunning",618
341,83,I think this work is fabulous,508
342,378,"Well, to some extent, the game isremarkable",549
343,494,My girlfriend thinks this game isstunning,735
344,898,"You know, in some aspect, it is unique",334
345,475,"You know, in some aspect, it is lovely",902
346,511,"From my perspective, this game is fun",295
347,856,"Even my dog loves it, I would say it ismemorable",608
348,765,"Well, to some extent, the game isgreat",228
349,395,"You know, in some aspect, it is excellent",779
350,184,"Even my dog loves it, I would say it isimpressive",976
351,605,"Well, to some extent, the game issplendid",72
352,247,"You know, in some aspect, it is entertaining",302
353,260,"Even my dog loves it, I would say it isspectacular",173
354,837,My girlfriend thinks this game isfabulous,317
355,957,"Well, to some extent, the game isexcellent",730
356,50,"Even my dog loves it, I would say it isgorgeous",267
357,625,"From my perspective, this game is unique",979
358,565,My girlfriend thinks this game isstunning,778
359,332,"I would say, personally I love it and it isexcellent",41
360,379,"I would say, personally I love it and it isoutstanding",246
361,722,"I would say, personally I love it and it iscaptivating",141
362,252,I think this work is delightful,318
363,406,"Well, to some extent, the game isfabulous",133
364,924,My girlfriend thinks this game isoutstanding,531
365,717,"You know, in some aspect, it is beautiful",597
366,267,"I would say, personally I love it and it islovely",183
367,350,"Even my dog loves it, I would say it isfun",810
368,857,"Well, to some extent, the game isfun",156
369,816,"I would say, personally I love it and it isawesome",193
370,963,"Well, to some extent, the game ismemorable",521
371,907,"From my perspective, this game is cool",65
372,841,"Even my dog loves it, I would say it ismarvelous",906
373,281,My girlfriend thinks this game isgreat,88
374,143,"From my perspective, this game is stunning",192
375,191,"You know, in some aspect, it is inspiring",860
376,470,"Well, to some extent, the game isnice",444
377,463,"Even my dog loves it, I would say it isbrilliant",995
378,970,"Well, to some extent, the game issplendid",725
379,739,"I would say, personally I love it and it isamazing",941
380,174,"You know, in some aspect, it is fun",756
381,612,I think this work is fantastic,402
382,973,My girlfriend thinks this game ismarvelous,94
383,358,I think this work is delightful,928
384,72,"Even my dog loves it, I would say it isfabulous",18
385,852,I think this work is impressive,316
386,687,"From my perspective, this game is captivating",957
387,454,"You know, in some aspect, it is memorable",603
388,88,"I would say, personally I love it and it isremarkable",396
389,169,"Well, to some extent, the game isentertaining",254
390,69,"Even my dog loves it, I would say it isfun",893
391,295,"Well, to some extent, the game isbeautiful",521
392,785,"From my perspective, this game is fun",185
393,847,I think this work is spectacular,339
394,555,"Even my dog loves it, I would say it isunique",81
395,82,"Well, to some extent, the game isamazing",703
396,582,My girlfriend thinks this game isstunning,84
397,794,"From my perspective, this game is amazing",892
398,139,"I would say, personally I love it and it isgorgeous",752
399,988,"Even my dog loves it, I would say it isdelightful",871
400,697,I think this work is spectacular,545
401,57,I think this work is inspiring,504
402,811,"Well, to some extent, the game isbeautiful",158
403,70,I think this work is enjoyable,460
404,63,"You know, in some aspect, it is unique",117
405,297,"You know, in some aspect, it is delightful",42
406,542,"From my perspective, this game is amazing",757
407,340,"You know, in some aspect, it is inspiring",862
408,978,"I would say, personally I love it and it isgorgeous",308
409,981,"You know, in some aspect, it is remarkable",563
410,960,I think this work is nice,586
411,634,"Well, to some extent, the game isspectacular",900
412,21,"From my perspective, this game is entertaining",571
413,750,"I would say, personally I love it and it isspectacular",287
414,635,"I would say, personally I love it and it isexcellent",833
415,903,"From my perspective, this game is entertaining",188
416,332,I think this work is fantastic,189
417,839,I think this work is inspiring,62
418,520,My girlfriend thinks this game iscaptivating,293
419,551,"From my perspective, this game is splendid",661
420,570,"I would say, personally I love it and it isinspiring",740
421,796,"Even my dog loves it, I would say it isamazing",43
422,775,"I would say, personally I love it and it isenjoyable",928
423,94,My girlfriend thinks this game issuperb,605
424,880,"I would say, personally I love it and it isunique",571
425,919,"From my perspective, this game is brilliant",469
426,229,I think this work is unique,460
427,2,I think this work is entertaining,244
428,664,"Even my dog loves it, I would say it isimpressive",630
429,19,"You know, in some aspect, it is gorgeous",844
430,633,"You know, in some aspect, it is outstanding",614
431,982,"From my perspective, this game is fun",808
432,730,"Well, to some extent, the game issplendid",312
433,334,"Even my dog loves it, I would say it iscaptivating",209
434,984,"From my perspective, this game is superb",178
435,5,I think this work is spectacular,408
436,138,I think this work is excellent,184
437,885,"I would say, personally I love it and it issplendid",347
438,186,"You know, in some aspect, it is entertaining",438
439,747,"From my perspective, this game is impressive",702
440,1,"You know, in some aspect, it is gorgeous",811
441,465,I think this work is fantastic,632
442,660,I think this work is fantastic,788
443,251,"From my perspective, this game is superb",656
444,48,"Well, to some extent, the game iscaptivating",265
445,970,"You know, in some aspect, it is superb",980
446,686,"Even my dog loves it, I would say it isamazing",811
447,632,My girlfriend thinks this game isinspiring,604
448,610,"Even my dog loves it, I would say it isremarkable",993
449,137,My girlfriend thinks this game isgreat,205
450,116,My girlfriend thinks this game isexcellent,153
451,924,"From my perspective, this game is superb",846
452,343,"From my perspective, this game is cool",16
453,248,"Well, to some extent, the game isdelightful",850
454,212,"Well, to some extent, the game isbeautiful",819
455,288,"I would say, personally I love it and it isnice",445
456,701,"Well, to some extent, the game isawesome",404
457,889,My girlfriend thinks this game isamazing,344
458,618,"Well, to some extent, the game isfabulous",585
459,618,"From my perspective, this game is impressive",253
460,881,"You know, in some aspect, it is delightful",965
461,208,"Even my dog loves it, I would say it issuperb",719
462,628,"You know, in some aspect, it is inspiring",683
463,144,"From my perspective, this game is memorable",374
464,789,"Well, to some extent, the game isspectacular",71
465,242,"Even my dog loves it, I would say it isstunning",10
466,799,My girlfriend thinks this game ismemorable,37
467,106,My girlfriend thinks this game ismemorable,517
468,74,My girlfriend thinks this game isgreat,439
469,709,"Well, to some extent, the game isenjoyable",427
470,76,"You know, in some aspect, it is enjoyable",645
471,426,I think this work is terrific,828
472,259,I think this work is unique,573
473,592,My girlfriend thinks this game isbrilliant,677
474,683,I think this work is marvelous,677
475,629,"Well, to some extent, the game isspectacular",792
476,218,My girlfriend thinks this game isgorgeous,633
477,256,"Even my dog loves it, I would say it ismarvelous",228
478,114,"You know, in some aspect, it is captivating",416
479,476,"You know, in some aspect, it is terrific",354
480,586,"You know, in some aspect, it is remarkable",51
481,623,"I would say, personally I love it and it isentertaining",438
482,58,"Well, to some extent, the game isfun",205
483,472,"I would say, personally I love it and it isexcellent",580
484,984,"From my perspective, this game is captivating",62
485,498,"From my perspective, this game is delightful",294
486,495,"You know, in some aspect, it is beautiful",429
487,746,My girlfriend thinks this game isawesome,112
488,786,"Even my dog loves it, I would say it issuperb",485
489,514,My girlfriend thinks this game ismemorable,834
490,127,I think this work is fun,84
491,721,"I would say, personally I love it and it iscool",522
492,5,"I would say, personally I love it and it isfabulous",143
493,636,I think this work is splendid,765
494,101,"From my perspective, this game is fabulous",286
495,144,"I would say, personally I love it and it isnice",483
496,697,"From my perspective, this game is outstanding",845
497,316,"Well, to some extent, the game isfabulous",44
498,676,"Even my dog loves it, I would say it isexcellent",969
499,624,"You know, in some aspect, it is cool",903
500,218,"Well, to some extent, the game isbrilliant",600
501,597,"You know, in some aspect, it is inspiring",345
502,274,"Well, to some extent, the game isinspiring",486
503,383,"You know, in some aspect, it is marvelous",399
504,586,"You know, in some aspect, it is marvelous",965
505,360,"From my perspective, this game is fantastic",589
506,768,I think this work is cool,38
507,335,My girlfriend thinks this game isstunning,789
508,312,"You know, in some aspect, it is captivating",515
509,819,I think this work is fun,789
510,686,"From my perspective, this game is wonderful",491
511,895,"I would say, personally I love it and it isstunning",94
512,228,"I would say, personally I love it and it isnice",529
513,851,I think this work is fantastic,734
514,124,My girlfriend thinks this game isterrific,680
515,930,"Well, to some extent, the game isexcellent",287
516,829,"You know, in some aspect, it is excellent",700
517,473,"I would say, personally I love it and it iscaptivating",887
518,532,"Well, to some extent, the game isnice",350
519,812,"From my perspective, this game is great",199
520,536,"Well, to some extent, the game isnice",351
521,709,My girlfriend thinks this game isdelightful,896
522,842,"Well, to some extent, the game isexcellent",517
523,971,"Well, to some extent, the game issplendid",178
524,211,"Even my dog loves it, I would say it isentertaining",155
525,333,"Even my dog loves it, I would say it isterrific",687
526,711,My girlfriend thinks this game issuperb,476
527,675,"I would say, personally I love it and it isfabulous",35
528,645,My girlfriend thinks this game isstunning,932
529,34,"Even my dog loves it, I would say it issplendid",704
530,592,"Even my dog loves it, I would say it iscaptivating",13
531,378,"Well, to some extent, the game islovely",964
532,102,"I would say, personally I love it and it iscool",381
533,134,"From my perspective, this game is lovely",164
534,255,My girlfriend thinks this game isexcellent,832
535,191,"Well, to some extent, the game isterrific",209
536,994,"Even my dog loves it, I would say it isfun",633
537,611,"I would say, personally I love it and it ismemorable",823
538,294,I think this work is captivating,588
539,391,I think this work is superb,288
540,463,"From my perspective, this game is fantastic",292
541,727,"Even my dog loves it, I would say it isbeautiful",793
542,452,"I would say, personally I love it and it iscool",899
543,528,"Even my dog loves it, I would say it isexcellent",612
544,416,"Well, to some extent, the game ismemorable",249
545,356,My girlfriend thinks this game islovely,638
546,162,"From my perspective, this game is fabulous",604
547,284,I think this work is fantastic,400
548,467,I think this work is superb,520
549,34,"You know, in some aspect, it is brilliant",937
550,527,"You know, in some aspect, it is impressive",198
551,564,"Well, to some extent, the game isspectacular",449
552,764,"From my perspective, this game is marvelous",421
553,792,"You know, in some aspect, it is fantastic",202
554,502,"Even my dog loves it, I would say it isexcellent",989
555,529,"Well, to some extent, the game isawesome",778
556,883,"I would say, personally I love it and it ismemorable",285
557,219,"From my perspective, this game is brilliant",285
558,647,"Even my dog loves it, I would say it issuperb",566
559,144,My girlfriend thinks this game isnice,976
560,17,"Well, to some extent, the game islovely",527
561,298,"I would say, personally I love it and it isgreat",256
562,267,"I would say, personally I love it and it isimpressive",50
563,379,"Well, to some extent, the game isterrific",510
564,795,"From my perspective, this game is terrific",161
565,462,"You know, in some aspect, it is splendid",158
566,655,My girlfriend thinks this game isfantastic,994
567,450,"Even my dog loves it, I would say it isstunning",357
568,536,"I would say, personally I love it and it iswonderful",221
569,659,"From my perspective, this game is gorgeous",971
570,867,"From my perspective, this game is inspiring",354
571,937,"I would say, personally I love it and it isgreat",769
572,314,"From my perspective, this game is gorgeous",400
573,834,My girlfriend thinks this game islovely,329
574,570,I think this work is enjoyable,815
575,341,"I would say, personally I love it and it isstunning",769
576,555,"Even my dog loves it, I would say it isremarkable",872
577,957,"You know, in some aspect, it is terrific",218
578,34,"Well, to some extent, the game isnice",220
579,111,"You know, in some aspect, it is entertaining",736
580,403,"You know, in some aspect, it is excellent",349
581,667,"Even my dog loves it, I would say it isbrilliant",721
582,980,"Well, to some extent, the game isfantastic",78
583,419,"From my perspective, this game is wonderful",37
584,910,I think this work is inspiring,128
585,651,"Even my dog loves it, I would say it issplendid",870
586,933,My girlfriend thinks this game isexcellent,931
587,977,"You know, in some aspect, it is memorable",964
588,852,"Even my dog loves it, I would say it isfantastic",560
589,842,"You know, in some aspect, it is fun",224
590,348,"Even my dog loves it, I would say it isgorgeous",897
591,265,"From my perspective, this game is beautiful",496
592,754,"From my perspective, this game is marvelous",435
593,127,"I would say, personally I love it and it isentertaining",959
594,246,My girlfriend thinks this game iscaptivating,911
595,735,"From my perspective, this game is fantastic",693
596,489,"From my perspective, this game is inspiring",176
597,492,"You know, in some aspect, it is inspiring",579
598,206,"I would say, personally I love it and it isspectacular",58
599,555,"Well, to some extent, the game isterrific",319
600,297,I think this work is remarkable,970
601,929,"I would say, personally I love it and it isbeautiful",321
602,488,"I would say, personally I love it and it isfantastic",897
603,974,"From my perspective, this game is excellent",694
604,212,I think this work is unique,883
605,538,I think this work is awesome,412
606,531,I think this work is memorable,735
607,703,"Even my dog loves it, I would say it ismemorable",243
608,601,"I would say, personally I love it and it iscaptivating",519
609,487,I think this work is terrific,327
610,380,I think this work is fabulous,485
611,227,My girlfriend thinks this game isnice,967
612,976,"Even my dog loves it, I would say it isexcellent",262
613,317,My girlfriend thinks this game isstunning,604
614,825,"I would say, personally I love it and it isgreat",514
615,922,"I would say, personally I love it and it isspectacular",893
616,662,I think this work is delightful,506
617,481,"Even my dog loves it, I would say it isfantastic",912
618,331,"From my perspective, this game is remarkable",381
619,521,"Even my dog loves it, I would say it isgreat",463
620,468,"You know, in some aspect, it is delightful",518
621,239,"Well, to some extent, the game isterrific",459
622,478,"Even my dog loves it, I would say it islovely",657
623,355,My girlfriend thinks this game isbeautiful,463
624,83,"From my perspective, this game is impressive",796
625,514,"Even my dog loves it, I would say it isfabulous",713
626,804,My girlfriend thinks this game isimpressive,835
627,827,"Well, to some extent, the game isspectacular",893
628,832,"You know, in some aspect, it is excellent",797
629,504,"Even my dog loves it, I would say it isspectacular",453
630,233,"Even my dog loves it, I would say it isgreat",283
631,687,"I would say, personally I love it and it issplendid",106
632,451,"Even my dog loves it, I would say it isfantastic",290
633,616,"I would say, personally I love it and it isspectacular",612
634,635,My girlfriend thinks this game iscaptivating,760
635,936,"You know, in some aspect, it is nice",750
636,284,"I would say, personally I love it and it isgorgeous",406
637,80,My girlfriend thinks this game isremarkable,500
638,570,"You know, in some aspect, it is cool",456
639,620,My girlfriend thinks this game issuperb,178
640,491,I think this work is superb,789
641,394,"From my perspective, this game is superb",75
642,508,"Well, to some extent, the game islovely",711
643,550,"From my perspective, this game is lovely",638
644,379,My girlfriend thinks this game isfun,518
645,53,I think this work is unique,593
646,317,I think this work is enjoyable,124
647,245,"Even my dog loves it, I would say it isfantastic",818
648,727,I think this work is splendid,847
649,36,"I would say, personally I love it and it isnice",430
650,519,"Well, to some extent, the game iswonderful",2
651,551,"From my perspective, this game is fabulous",222
652,50,I think this work is impressive,935
653,318,"You know, in some aspect, it is nice",868
654,608,"I would say, personally I love it and it isentertaining",212
655,184,My girlfriend thinks this game isfabulous,109
656,651,My girlfriend thinks this game isgorgeous,383
657,136,My girlfriend thinks this game isremarkable,933
658,750,"From my perspective, this game is splendid",826
659,482,"Well, to some extent, the game isimpressive",180
660,477,"From my perspective, this game is brilliant",739
661,441,"Even my dog loves it, I would say it isremarkable",21
662,820,"I would say, personally I love it and it isdelightful",295
663,752,"Well, to some extent, the game isfun",963
664,115,My girlfriend thinks this game isnice,512
665,586,"You know, in some aspect, it is brilliant",505
666,96,"From my perspective, this game is splendid",710
667,537,My girlfriend thinks this game isfun,986
668,531,"You know, in some aspect, it is great",375
669,303,My girlfriend thinks this game isdelightful,5
670,805,"Even my dog loves it, I would say it iscaptivating",240
671,56,"Well, to some extent, the game isbrilliant",414
672,425,"Well, to some extent, the game iscaptivating",768
673,450,I think this work is gorgeous,59
674,389,"From my perspective, this game is stunning",257
675,456,My girlfriend thinks this game iswonderful,143
676,169,I think this work is great,289
677,380,"Well, to some extent, the game isunique",450
678,795,"From my perspective, this game is remarkable",70
679,909,"Even my dog loves it, I would say it ismemorable",888
680,736,"Even my dog loves it, I would say it islovely",415
681,448,"From my perspective, this game is marvelous",128
682,545,"Well, to some extent, the game isunique",287
683,361,"From my perspective, this game is outstanding",437
684,205,"You know, in some aspect, it is nice",408
685,830,"Even my dog loves it, I would say it isfabulous",628
686,43,"Even my dog loves it, I would say it isamazing",167
687,811,"From my perspective, this game is beautiful",579
688,742,"You know, in some aspect, it is lovely",187
689,272,My girlfriend thinks this game isdelightful,91
690,265,"You know, in some aspect, it is captivating",997
691,101,"Well, to some extent, the game isbeautiful",134
692,613,I think this work is cool,748
693,934,My girlfriend thinks this game isimpressive,803
694,402,"Well, to some extent, the game issuperb",448
695,855,"Well, to some extent, the game issuperb",181
696,656,"Well, to some extent, the game isspectacular",630
697,169,My girlfriend thinks this game isbrilliant,554
698,408,"Even my dog loves it, I would say it isspectacular",824
699,305,"From my perspective, this game is memorable",720
700,166,I think this work is brilliant,368
701,588,"I would say, personally I love it and it isbrilliant",924
702,699,"I would say, personally I love it and it isfun",873
703,43,I think this work is inspiring,870
704,225,"From my perspective, this game is enjoyable",465
705,54,"I would say, personally I love it and it isunique",124
706,393,"You know, in some aspect, it is fantastic",701
707,717,"From my perspective, this game is cool",879
708,818,"You know, in some aspect, it is great",747
709,561,My girlfriend thinks this game isspectacular,38
710,384,I think this work is amazing,636
711,148,My girlfriend thinks this game isfun,321
712,91,"From my perspective, this game is delightful",404
713,81,"I would say, personally I love it and it isawesome",570
714,162,"Even my dog loves it, I would say it isbeautiful",861
715,884,"I would say, personally I love it and it isbeautiful",743
716,492,"Well, to some extent, the game ismarvelous",838
717,614,"I would say, personally I love it and it isimpressive",375
718,863,"Even my dog loves it, I would say it isspectacular",238
719,881,I think this work is brilliant,548
720,624,"Even my dog loves it, I would say it isbeautiful",660
721,999,"I would say, personally I love it and it isenjoyable",474
722,810,"You know, in some aspect, it is impressive",48
723,415,"Even my dog loves it, I would say it isfantastic",702
724,655,"Well, to some extent, the game isstunning",779
725,713,I think this work is entertaining,383
726,728,"From my perspective, this game is wonderful",739
727,689,I think this work is captivating,419
728,568,"You know, in some aspect, it is fun",679
729,915,"From my perspective, this game is wonderful",628
730,816,"From my perspective, this game is terrific",251
731,824,"From my perspective, this game is terrific",237
732,506,"From my perspective, this game is unique",19
733,374,My girlfriend thinks this game issuperb,172
734,4,"Well, to some extent, the game isentertaining",18
735,477,"Even my dog loves it, I would say it isexcellent",361
736,510,"Even my dog loves it, I would say it isgorgeous",959
737,964,I think this work is entertaining,936
738,4,"You know, in some aspect, it is terrific",509
739,384,I think this work is cool,124
740,750,My girlfriend thinks this game iswonderful,453
741,471,"Even my dog loves it, I would say it isspectacular",120
742,221,"From my perspective, this game is marvelous",218
743,395,I think this work is outstanding,976
744,173,"From my perspective, this game is awesome",268
745,518,My girlfriend thinks this game isspectacular,816
746,159,"From my perspective, this game is remarkable",832
747,599,"From my perspective, this game is terrific",310
748,844,My girlfriend thinks this game isnice,582
749,341,"You know, in some aspect, it is brilliant",841
750,245,"Well, to some extent, the game isenjoyable",942
751,655,My girlfriend thinks this game isfabulous,387
752,478,"From my perspective, this game is fantastic",475
753,329,"Even my dog loves it, I would say it iswonderful",244
754,829,"You know, in some aspect, it is superb",223
755,247,"Well, to some extent, the game isspectacular",843
756,751,I think this work is outstanding,961
757,138,"Well, to some extent, the game iscool",933
758,363,"From my perspective, this game is marvelous",847
759,170,"You know, in some aspect, it is fantastic",577
760,731,"I would say, personally I love it and it isstunning",49
761,272,"From my perspective, this game is outstanding",383
762,233,"You know, in some aspect, it is splendid",127
763,795,"I would say, personally I love it and it isoutstanding",31
764,961,"Even my dog loves it, I would say it iscaptivating",303
765,3,"From my perspective, this game is brilliant",320
766,850,"From my perspective, this game is unique",137
767,344,I think this work is memorable,23
768,879,My girlfriend thinks this game isbeautiful,213
769,462,"I would say, personally I love it and it isimpressive",0
770,467,I think this work is wonderful,618
771,458,"Well, to some extent, the game isspectacular",62
772,505,My girlfriend thinks this game isinspiring,70
773,492,"You know, in some aspect, it is marvelous",391
774,872,"I would say, personally I love it and it isawesome",924
775,644,"Even my dog loves it, I would say it isentertaining",175
776,165,"Even my dog loves it, I would say it iscaptivating",983
777,906,"From my perspective, this game is entertaining",163
778,127,"From my perspective, this game is nice",725
779,82,"From my perspective, this game is memorable",392
780,840,I think this work is delightful,817
781,497,"Well, to some extent, the game isawesome",673
782,286,"From my perspective, this game is enjoyable",583
783,555,"Well, to some extent, the game isterrific",156
784,670,My girlfriend thinks this game isunique,400
785,780,"Even my dog loves it, I would say it ismarvelous",189
786,777,"Well, to some extent, the game isinspiring",676
787,933,"Well, to some extent, the game isamazing",494
788,612,"Well, to some extent, the game isentertaining",135
789,885,"Well, to some extent, the game isoutstanding",25
790,81,"Well, to some extent, the game isdelightful",617
791,987,"I would say, personally I love it and it isremarkable",163
792,617,"Well, to some extent, the game isspectacular",776
793,214,I think this work is fabulous,304
794,209,"Well, to some extent, the game isoutstanding",987
795,607,"Well, to some extent, the game iscaptivating",183
796,95,"From my perspective, this game is nice",62
797,753,"Even my dog loves it, I would say it iscool",227
798,19,I think this work is lovely,362
799,723,"From my perspective, this game is amazing",593
800,313,I think this work is amazing,294
801,926,"Well, to some extent, the game isfun",432
802,392,"From my perspective, this game is splendid",999
803,709,"You know, in some aspect, it is splendid",744
804,696,I think this work is enjoyable,269
805,981,I think this work is fun,600
806,996,"Well, to some extent, the game isstunning",536
807,769,"You know, in some aspect, it is fun",509
808,480,I think this work is amazing,889
809,184,"Well, to some extent, the game isterrific",701
810,523,"Well, to some extent, the game isentertaining",979
811,664,"Well, to some extent, the game isspectacular",759
812,403,"You know, in some aspect, it is gorgeous",384
813,298,"Well, to some extent, the game issplendid",879
814,548,I think this work is superb,402
815,690,"From my perspective, this game is entertaining",862
816,373,My girlfriend thinks this game isbrilliant,411
817,183,"From my perspective, this game is delightful",45
818,650,My girlfriend thinks this game isentertaining,952
819,126,"You know, in some aspect, it is memorable",505
820,980,"I would say, personally I love it and it isamazing",686
821,304,"Well, to some extent, the game ismemorable",581
822,415,"I would say, personally I love it and it isinspiring",901
823,836,"You know, in some aspect, it is stunning",416
824,336,"I would say, personally I love it and it isgorgeous",896
825,468,"Even my dog loves it, I would say it isterrific",652
826,829,I think this work is fabulous,812
827,724,My girlfriend thinks this game isterrific,199
828,111,"From my perspective, this game is brilliant",300
829,565,I think this work is unique,397
830,921,My girlfriend thinks this game isterrific,862
831,515,"Even my dog loves it, I would say it issuperb",46
832,611,"Even my dog loves it, I would say it isnice",357
833,695,"Even my dog loves it, I would say it isunique",954
834,403,I think this work is inspiring,152
835,394,"Even my dog loves it, I would say it isdelightful",71
836,465,"Well, to some extent, the game isinspiring",46
837,274,"Even my dog loves it, I would say it iscaptivating",111
838,696,I think this work is delightful,128
839,28,I think this work is nice,195
840,538,My girlfriend thinks this game isfabulous,719
841,563,"I would say, personally I love it and it isinspiring",990
842,890,"You know, in some aspect, it is entertaining",513
843,603,"From my perspective, this game is marvelous",761
844,656,My girlfriend thinks this game isgreat,68
845,641,My girlfriend thinks this game isenjoyable,176
846,728,"Even my dog loves it, I would say it islovely",729
847,474,"I would say, personally I love it and it issuperb",281
848,246,"You know, in some aspect, it is lovely",857
849,617,"Well, to some extent, the game isbrilliant",282
850,617,"I would say, personally I love it and it isawesome",86
851,850,"You know, in some aspect, it is unique",177
852,183,"Well, to some extent, the game isremarkable",1000
853,25,"Even my dog loves it, I would say it isentertaining",124
854,934,I think this work is marvelous,484
855,948,My girlfriend thinks this game iscool,346
856,786,"I would say, personally I love it and it isterrific",214
857,989,My girlfriend thinks this game iswonderful,522
858,284,"I would say, personally I love it and it isunique",831
859,104,"From my perspective, this game is great",797
860,246,"Well, to some extent, the game isstunning",995
861,350,I think this work is nice,120
862,484,My girlfriend thinks this game isunique,617
863,796,"Even my dog loves it, I would say it isentertaining",706
864,203,"From my perspective, this game is gorgeous",82
865,876,"I would say, personally I love it and it iscaptivating",937
866,125,I think this work is fun,534
867,420,"From my perspective, this game is terrific",54
868,427,"Even my dog loves it, I would say it iscool",537
869,312,My girlfriend thinks this game isawesome,790
870,74,"Even my dog loves it, I would say it islovely",0
871,885,"Well, to some extent, the game ismarvelous",582
872,608,I think this work is enjoyable,994
873,297,"I would say, personally I love it and it isbrilliant",368
874,779,"Well, to some extent, the game ismemorable",937
875,327,"Well, to some extent, the game islovely",211
876,125,"I would say, personally I love it and it isnice",35
877,771,"From my perspective, this game is lovely",374
878,980,"Even my dog loves it, I would say it ismarvelous",363
879,132,"Well, to some extent, the game issuperb",157
880,270,I think this work is unique,459
881,987,"Even my dog loves it, I would say it issplendid",260
882,256,"You know, in some aspect, it is outstanding",332
883,772,"From my perspective, this game is superb",682
884,160,"Well, to some extent, the game isinspiring",627
885,632,"Well, to some extent, the game isfun",49
886,684,"Well, to some extent, the game isinspiring",361
887,69,"Even my dog loves it, I would say it isdelightful",332
888,782,My girlfriend thinks this game isgorgeous,652
889,706,"Well, to some extent, the game ismemorable",302
890,151,My girlfriend thinks this game isdelightful,367
891,833,"I would say, personally I love it and it isunique",892
892,119,My girlfriend thinks this game issplendid,884
893,344,I think this work is delightful,796
894,593,My girlfriend thinks this game isoutstanding,215
895,945,"Even my dog loves it, I would say it ismemorable",38
896,785,"Even my dog loves it, I would say it ismemorable",847
897,529,My girlfriend thinks this game iswonderful,384
898,457,"I would say, personally I love it and it iscool",40
899,101,"Well, to some extent, the game iscool",719
900,784,"Even my dog loves it, I would say it isstunning",445
901,868,I think this work is spectacular,331
902,721,I think this work is cool,34
903,557,"From my perspective, this game is nice",720
904,741,I think this work is impressive,689
905,65,I think this work is excellent,923
906,585,I think this work is captivating,439
907,263,"Even my dog loves it, I would say it isbeautiful",465
908,859,My girlfriend thinks this game isremarkable,679
909,566,"I would say, personally I love it and it ismemorable",164
910,229,"Well, to some extent, the game iscool",77
911,258,"I would say, personally I love it and it isstunning",488
912,832,"Well, to some extent, the game isstunning",817
913,562,"I would say, personally I love it and it isbrilliant",837
914,575,"Even my dog loves it, I would say it ismarvelous",624
915,157,"From my perspective, this game is impressive",189
916,131,My girlfriend thinks this game isspectacular,512
917,532,"Well, to some extent, the game isterrific",584
918,837,My girlfriend thinks this game issuperb,401
919,674,"From my perspective, this game is wonderful",965
920,390,My girlfriend thinks this game isfabulous,123
921,865,My girlfriend thinks this game isentertaining,240
922,296,"Well, to some extent, the game iswonderful",44
923,952,"Even my dog loves it, I would say it isentertaining",517
924,498,I think this work is unique,128
925,660,"Even my dog loves it, I would say it isfabulous",282
926,343,"Well, to some extent, the game isenjoyable",855
927,564,"From my perspective, this game is gorgeous",354
928,19,"Well, to some extent, the game isawesome",431
929,263,"From my perspective, this game is fun",39
930,56,"Well, to some extent, the game isamazing",786
931,767,"From my perspective, this game is splendid",352
932,347,"Well, to some extent, the game isentertaining",48
933,322,"From my perspective, this game is fun",423
934,734,My girlfriend thinks this game isfun,273
935,745,I think this work is gorgeous,0
936,412,"Even my dog loves it, I would say it isenjoyable",868
937,247,My girlfriend thinks this game isgorgeous,600
938,671,"Well, to some extent, the game isgreat",359
939,628,"I would say, personally I love it and it isfun",666
940,805,I think this work is beautiful,352
941,565,My girlfriend thinks this game isbrilliant,449
942,178,I think this work is captivating,23
943,830,"I would say, personally I love it and it isremarkable",674
944,152,"Even my dog loves it, I would say it isawesome",24
945,45,"I would say, personally I love it and it isbeautiful",722
946,515,"Well, to some extent, the game isgreat",754
947,940,"I would say, personally I love it and it ismarvelous",999
948,69,I think this work is cool,569
949,827,"I would say, personally I love it and it isoutstanding",17
950,688,"From my perspective, this game is memorable",260
951,425,"You know, in some aspect, it is awesome",587
952,203,My girlfriend thinks this game isfantastic,559
953,120,"I would say, personally I love it and it isimpressive",32
954,490,"You know, in some aspect, it is great",149
955,543,"Well, to some extent, the game isterrific",720
956,598,My girlfriend thinks this game isunique,450
957,165,"Even my dog loves it, I would say it isunique",801
958,861,"You know, in some aspect, it is stunning",826
959,267,"I would say, personally I love it and it isbrilliant",220
960,756,"Well, to some extent, the game isinspiring",330
961,219,My girlfriend thinks this game islovely,436
962,366,My girlfriend thinks this game islovely,942
963,701,"Even my dog loves it, I would say it ismemorable",118
964,82,"You know, in some aspect, it is fabulous",577
965,834,"Even my dog loves it, I would say it isgreat",551
966,987,"From my perspective, this game is remarkable",109
967,957,"I would say, personally I love it and it isgreat",476
968,189,"Well, to some extent, the game isgorgeous",50
969,553,"I would say, personally I love it and it issuperb",481
970,476,I think this work is fun,344
971,322,"From my perspective, this game is outstanding",351
972,355,"I would say, personally I love it and it issuperb",879
973,84,"Even my dog loves it, I would say it isfun",851
974,900,"I would say, personally I love it and it isdelightful",761
975,546,"From my perspective, this game is outstanding",768
976,551,"I would say, personally I love it and it isentertaining",395
977,487,My girlfriend thinks this game isremarkable,801
978,252,"I would say, personally I love it and it iscaptivating",678
979,855,My girlfriend thinks this game isfantastic,651
980,643,"Even my dog loves it, I would say it ismemorable",689
981,160,"Even my dog loves it, I would say it isawesome",26
982,544,"Even my dog loves it, I would say it isstunning",921
983,886,My girlfriend thinks this game iswonderful,44
984,455,"From my perspective, this game is marvelous",495
985,590,"From my perspective, this game is excellent",798
986,614,"Even my dog loves it, I would say it isfantastic",391
987,104,"You know, in some aspect, it is fun",151
988,978,"Even my dog loves it, I would say it isterrific",928
989,324,I think this work is memorable,671
990,838,I think this work is wonderful,70
991,697,"You know, in some aspect, it is superb",165
992,213,"I would say, personally I love it and it isenjoyable",200
993,423,"From my perspective, this game is superb",562
994,563,"Even my dog loves it, I would say it isunique",496
995,562,"From my perspective, this game is superb",238
996,13,"I would say, personally I love it and it isunique",656
997,434,"From my perspective, this game is splendid",215
998,394,"I would say, personally I love it and it isentertaining",237
999,130,"Even my dog loves it, I would say it isfantastic",933
1000,72,I think this work is marvelous,724
